Model,Accuracy,Precision,Recall,F1_Score,ROC_AUC
Logistic_Regression,0.784,0.6967032967032967,0.5188216039279869,0.5947467166979362,0.8187324064811312
Random_Forest,0.7805,0.7205128205128205,0.45990180032733224,0.5614385614385614,0.811961884293119
XGBoost,0.772,0.6718403547671841,0.4959083469721768,0.5706214689265536,0.8111353055748993
Decision_Tree,0.774,0.6810933940774487,0.48936170212765956,0.5695238095238095,0.7939798204032383
